Date,Impressions,Engagements
01/10/2024,2,0
01/11/2024,287,1
01/12/2024,325,9
02/11/2024,498,9
02/12/2024,466,5
03/09/2024,27,0
03/11/2024,530,2
03/12/2024,964,4
04/09/2024,2,0
04/11/2024,1027,15
04/12/2024,678,5
05/09/2024,24,0
05/11/2024,2234,9
05/12/2024,1183,11
06/10/2024,629,10
06/11/2024,232,1
06/12/2024,1339,19
07/10/2024,255,5
07/11/2024,321,5
07/12/2024,607,13
07/23/2024,3,0
07/25/2024,1,0
07/27/2024,2,0
07/29/2024,1,0
08/08/2024,1,0
08/09/2024,13,0
08/10/2024,63,2
08/11/2024,137,2
08/12/2024,583,5
08/13/2024,1,0
08/15/2024,1,0
08/16/2024,2,0
08/19/2024,1,0
08/21/2024,3,0
08/24/2024,1,0
08/25/2024,1,0
08/28/2024,1,0
08/29/2024,3,0
08/30/2024,1,0
09/10/2024,246,1
09/11/2024,1703,28
09/12/2024,1970,40
09/14/2024,1,0
09/19/2024,20,0
09/20/2024,39,0
09/21/2024,1,0
09/22/2024,3,0
09/25/2024,1,0
10/10/2024,118,0
10/11/2024,683,5
10/12/2024,862,9
10/13/2024,3751,33
10/14/2024,2580,14
10/15/2024,4183,44
10/16/2024,6832,30
10/17/2024,5353,31
10/18/2024,4608,18
10/19/2024,2568,14
10/20/2024,2852,20
10/21/2024,3221,12
10/22/2024,1969,12
10/23/2024,246,1
10/24/2024,558,4
10/25/2024,579,0
10/26/2024,282,0
10/27/2024,204,2
10/28/2024,1368,12
10/29/2024,508,1
10/30/2024,749,15
10/31/2024,251,1
11/08/2024,1,0
11/10/2024,770,5
11/11/2024,1057,15
11/12/2024,270,4
11/13/2024,2083,11
11/14/2024,783,2
11/15/2024,427,2
11/16/2024,252,4
11/17/2024,1110,15
11/18/2024,3596,9
11/19/2024,1457,10
11/20/2024,1007,5
11/21/2024,895,4
11/22/2024,640,8
11/23/2024,461,3
11/24/2024,583,9
11/25/2024,457,4
11/26/2024,142,7
11/27/2024,1024,10
11/28/2024,389,2
11/29/2024,243,1
11/30/2024,260,2
12/08/2024,1,0
12/09/2024,1,0
12/10/2024,1202,12
12/11/2024,601,1
12/12/2024,116,1
12/13/2024,341,2
12/14/2024,362,7
12/15/2024,233,5
12/16/2024,261,4
12/17/2024,336,9
12/18/2024,330,1
12/19/2024,217,0
12/20/2024,160,0
12/21/2024,286,0
12/22/2024,141,1
12/23/2024,465,4
12/24/2024,577,5
12/25/2024,273,5
12/26/2024,121,2
12/27/2024,187,4
12/28/2024,107,2
12/29/2024,75,2
12/30/2024,152,2
12/31/2024,210,2
01/01/2025,420,7
01/02/2025,2335,27
01/03/2025,80,0
01/04/2025,119200,324
01/05/2025,2902,9
01/06/2025,784,4
01/07/2025,679,3
01/13/2025,490,8
01/14/2025,209,3
01/15/2025,422,11
01/16/2025,186,3
01/17/2025,79,2
01/18/2025,78,2
01/19/2025,60,1
01/20/2025,267,4
01/21/2025,165,2
01/22/2025,302,4
01/23/2025,132,6
01/24/2025,244,1
01/25/2025,394,3
01/26/2025,126,1
01/27/2025,232,5
01/28/2025,162,6
01/29/2025,192,6
01/30/2025,124,0
01/31/2025,238,5
02/01/2025,428,3
02/02/2025,1411,13
02/03/2025,118,1
02/04/2025,64068,163
02/05/2025,2412,20
02/06/2025,1287,2
02/07/2025,571,3
02/13/2025,94,2
02/14/2025,194,0
02/15/2025,170,3
02/16/2025,180,4
02/17/2025,502,3
02/18/2025,293,10
02/19/2025,130,2
02/20/2025,70,3
02/21/2025,303,3
02/22/2025,99,5
02/23/2025,134,1
02/24/2025,269,7
02/25/2025,170,1
02/26/2025,208,3
02/27/2025,182,4
02/28/2025,233,1
03/01/2025,588,10
03/02/2025,567,11
03/03/2025,202,3
03/04/2025,54905,189
03/05/2025,2373,59
03/06/2025,937,4
03/07/2025,643,1
03/13/2025,16538,19
03/14/2025,9434,22
03/15/2025,391,3
03/16/2025,264,0
03/17/2025,394,6
03/18/2025,182,2
03/19/2025,63,0
03/20/2025,164,3
03/21/2025,276,2
03/22/2025,81,4
03/23/2025,102,3
03/24/2025,254,8
03/25/2025,149,0
03/26/2025,319,3
03/27/2025,134,1
03/28/2025,952,4
03/29/2025,946,5
03/30/2025,47976,203
03/31/2025,152976,431
04/01/2025,353,5
04/02/2025,263,6
04/03/2025,171,4
04/04/2025,20687,74
04/05/2025,730,11
04/06/2025,160975,813
04/07/2025,278,2
04/13/2025,731,5
04/14/2025,2014,15
04/15/2025,2393,9
04/16/2025,3817,30
04/17/2025,11278,35
04/18/2025,10742,47
04/19/2025,4864,21
04/20/2025,7219,48
04/21/2025,6050,14
04/22/2025,4031,22
04/23/2025,1576,6
04/24/2025,3725,16
04/25/2025,5121,18
04/26/2025,3284,14
04/27/2025,3535,6
04/28/2025,4753,13
04/29/2025,3521,14
04/30/2025,3231,17
05/01/2025,233,4
05/02/2025,876,6
05/03/2025,85,0
05/04/2025,15842,22
05/05/2025,1262,39
05/06/2025,112760,565
05/07/2025,919,10
05/13/2025,392,2
05/14/2025,1363,4
05/15/2025,1892,9
05/16/2025,1531,32
05/17/2025,694,3
05/18/2025,1123,35
05/19/2025,897,1
05/20/2025,1658,14
05/21/2025,1767,6
05/22/2025,5705,28
05/23/2025,8289,16
05/24/2025,8677,10
05/25/2025,22789,34
05/26/2025,10131,13
05/27/2025,5749,9
05/28/2025,4664,19
05/29/2025,4778,22
05/30/2025,2532,12
05/31/2025,1507,6
06/01/2025,803,13
06/02/2025,249,1
06/03/2025,493,13
06/04/2025,10396,19
06/05/2025,798,4
06/06/2025,30971,132
06/07/2025,431,4
06/13/2025,1778,7
06/14/2025,1476,4
06/15/2025,2118,25
06/16/2025,2928,6
06/17/2025,3199,35
06/18/2025,1976,15
06/19/2025,5848,47
06/20/2025,5305,25
06/21/2025,3876,19
06/22/2025,5519,29
06/23/2025,8541,44
06/24/2025,6110,45
06/25/2025,4050,29
06/26/2025,1614,4
06/27/2025,746,9
06/28/2025,581,10
06/29/2025,888,12
06/30/2025,719,15
07/01/2025,722,11
07/02/2025,350,7
07/03/2025,1172,10
07/04/2025,24643,73
07/05/2025,1289,19
07/06/2025,9921,34
07/07/2025,759,3
07/13/2025,601,3
07/14/2025,611,0
07/15/2025,696,2
07/16/2025,353,0
07/17/2025,290,2
07/18/2025,165,0
07/19/2025,215,1
07/20/2025,184,2
07/21/2025,187,3
08/01/2025,666,8
08/02/2025,222,2
08/03/2025,10299,45
08/04/2025,1806,9
08/05/2025,900,6
08/06/2025,11001,43
08/07/2025,348,6
09/01/2025,390,5
09/02/2025,217,2
09/03/2025,5578,18
09/04/2025,2692,25
09/05/2025,509,6
09/06/2025,13358,39
09/07/2025,345,1
10/01/2025,449,5
10/02/2025,259,4
10/03/2025,10302,29
10/04/2025,2301,26
10/05/2025,418,12
10/06/2025,9965,18
10/07/2025,940,9
11/01/2025,318,5
11/02/2025,178,4
11/03/2025,10342,15
11/04/2025,2182,15
11/05/2025,289,4
11/06/2025,3021,13
11/07/2025,697,-2
12/01/2025,294,1
12/02/2025,80,2
12/03/2025,14785,34
12/04/2025,1220,7
12/05/2025,598,3
12/06/2025,1916,13
12/07/2025,691,7
